MISSING_RATE,FRAC_SIG,N_SAMPLE,label,tp,fn,fp,tn,avg_mag_error,num_sign_error,n_sig,n_true,N_SIM,avg_mag_error_obs,fdr,tpr,fpr,ppv,f1
0,0.1,25,bayes,50,550,30,4770,0.1892823232796579,0,80,600,20100,194,0.375,0.08333333333333333,0.00625,0.625,0.07352941176470588
0,0.1,25,bh,17,583,1,4799,0.20658914190293326,0,18,600,20100,200,0.05555555555555555,0.028333333333333332,2.0833333333333335e-4,0.9444444444444444,0.027508090614886727
0,0.1,25,bon,15,585,1,4799,0.19654487466362924,0,16,600,20100,200,0.0625,0.025,2.0833333333333335e-4,0.9375,0.02435064935064935
0,0.1,25,raw,214,386,211,4589,1.3047449700328753,0,425,600,20100,163,0.4964705882352941,0.3566666666666667,0.043958333333333335,0.5035294117647059,0.20878048780487804
0,0.1,50,bayes,132,468,71,4729,0.3202827939629716,0,203,600,20100,195,0.3497536945812808,0.22,0.014791666666666667,0.6502463054187192,0.1643835616438356
0,0.1,50,bh,144,456,22,4778,0.7271363700784462,0,166,600,20100,197,0.13253012048192772,0.24,0.004583333333333333,0.8674698795180723,0.18798955613577023
0,0.1,50,bon,118,482,5,4795,0.7075398798258167,0,123,600,20100,198,0.04065040650406504,0.19666666666666666,0.0010416666666666667,0.959349593495935,0.16320885200553248
0,0.1,50,raw,367,233,253,4547,1.2660393298806452,0,620,600,20100,182,0.4080645161290323,0.6116666666666667,0.052708333333333336,0.5919354838709677,0.3008196721311476
0,0.1,75,bayes,199,401,79,4721,0.4117609022031731,0,278,600,20100,196,0.2841726618705036,0.33166666666666667,0.016458333333333332,0.7158273381294964,0.22665148063781324
0,0.1,75,bh,264,336,26,4774,0.9248588586135321,0,290,600,20100,197,0.0896551724137931,0.44,0.005416666666666667,0.9103448275862069,0.2966292134831461
0,0.1,75,bon,219,381,6,4794,0.8953557693205344,0,225,600,20100,197,0.02666666666666667,0.365,0.00125,0.9733333333333334,0.2654545454545455
0,0.1,75,raw,436,164,227,4573,1.1453267067309663,0,663,600,20100,194,0.34238310708898945,0.7266666666666667,0.04729166666666667,0.6576168929110106,0.3452098178939034
0,0.1,100,bayes,316,284,70,4730,0.5903436722932013,0,386,600,20100,200,0.18134715025906736,0.5266666666666666,0.014583333333333334,0.8186528497409327,0.32048681541582147
0,0.1,100,bh,348,252,34,4766,1.025591930698604,0,382,600,20100,200,0.08900523560209424,0.58,0.007083333333333333,0.9109947643979057,0.3543788187372709
0,0.1,100,bon,312,288,5,4795,1.0196099643945196,0,317,600,20100,200,0.015772870662460567,0.52,0.0010416666666666667,0.9842271293375394,0.34023991275899673
0,0.1,100,raw,482,118,253,4547,1.1172558483987889,0,735,600,20100,199,0.3442176870748299,0.8033333333333333,0.052708333333333336,0.6557823129251701,0.3610486891385768
0,0.1,150,bayes,431,169,52,4748,0.7201908655732696,0,483,600,20100,200,0.10766045548654245,0.7183333333333334,0.010833333333333334,0.8923395445134575,0.39796860572483844
0,0.1,150,bh,443,157,22,4778,1.0531978942002278,0,465,600,20100,200,0.047311827956989246,0.7383333333333333,0.004583333333333333,0.9526881720430107,0.415962441314554
0,0.1,150,bon,414,186,4,4796,1.0598075109450837,0,418,600,20100,200,0.009569377990430622,0.69,8.333333333333334e-4,0.9904306220095693,0.4066797642436149
0,0.1,150,raw,511,89,212,4588,1.060841702551876,0,723,600,20100,199,0.29322268326417705,0.8516666666666667,0.04416666666666667,0.7067773167358229,0.3862433862433862
0,0.2,25,bayes,132,1068,29,4171,0.33775780452174337,0,161,1200,20100,196,0.18012422360248448,0.11,0.006904761904761905,0.8198757763975155,0.0969875091844232
0,0.2,25,bh,50,1150,2,4198,0.3385071860701342,0,52,1200,20100,199,0.038461538461538464,0.041666666666666664,4.761904761904762e-4,0.9615384615384616,0.039936102236421724
0,0.2,25,bon,24,1176,1,4199,0.2946533999502972,0,25,1200,20100,199,0.04,0.02,2.380952380952381e-4,0.96,0.01959183673469388
0,0.2,25,raw,419,781,154,4046,1.5694965651141919,2,573,1200,20100,180,0.268760907504363,0.3491666666666667,0.03666666666666667,0.731239092495637,0.23632261703327692
0,0.2,50,bayes,432,768,58,4142,0.6652247760892711,1,490,1200,20100,196,0.11836734693877551,0.36,0.01380952380952381,0.8816326530612245,0.2556213017751479
0,0.2,50,bh,392,808,19,4181,1.0770115311496922,0,411,1200,20100,199,0.046228710462287104,0.32666666666666666,0.004523809523809524,0.9537712895377128,0.24332712600869025
0,0.2,50,bon,268,932,4,4196,1.056869118134921,0,272,1200,20100,199,0.014705882352941176,0.22333333333333333,9.523809523809524e-4,0.9852941176470589,0.18206521739130432
0,0.2,50,raw,741,459,185,4015,1.3175939627676319,3,926,1200,20100,197,0.19978401727861772,0.6175,0.04404761904761905,0.8002159827213823,0.3485418626528693
0,0.2,75,bayes,691,509,103,4097,0.7748174987403915,0,794,1200,20100,199,0.1297229219143577,0.5758333333333333,0.024523809523809524,0.8702770780856424,0.3465396188565697
0,0.2,75,bh,644,556,45,4155,1.1392858358716984,0,689,1200,20100,199,0.06531204644412192,0.5366666666666666,0.010714285714285714,0.9346879535558781,0.3409211222869243
0,0.2,75,bon,497,703,9,4191,1.142204687504162,0,506,1200,20100,199,0.017786561264822136,0.4141666666666667,0.002142857142857143,0.9822134387351779,0.291324736225088
0,0.2,75,raw,896,304,233,3967,1.2009797651578424,0,1129,1200,20100,199,0.20637732506643047,0.7466666666666667,0.05547619047619048,0.7936226749335695,0.3847144697294977
0,0.2,100,bayes,809,391,94,4106,0.7721731571439201,1,903,1200,20100,200,0.10409745293466224,0.6741666666666667,0.02238095238095238,0.8959025470653378,0.38468854018069426
0,0.2,100,bh,742,458,49,4151,1.0930350872382784,1,791,1200,20100,200,0.061946902654867256,0.6183333333333333,0.011666666666666667,0.9380530973451328,0.37267704671019586
0,0.2,100,bon,592,608,10,4190,1.1113720406598782,0,602,1200,20100,199,0.016611295681063124,0.49333333333333335,0.002380952380952381,0.9833887043189369,0.3285238623751387
0,0.2,100,raw,939,261,222,3978,1.1107402793136152,1,1161,1200,20100,199,0.19121447028423771,0.7825,0.05285714285714286,0.8087855297157622,0.397712833545108
0,0.2,150,bayes,948,252,103,4097,0.8398454925514233,1,1051,1200,20100,200,0.09800190294957184,0.79,0.024523809523809524,0.9019980970504282,0.42114615726343857
0,0.2,150,bh,916,284,41,4159,1.0699177763967755,1,957,1200,20100,200,0.042842215256008356,0.7633333333333333,0.009761904761904762,0.9571577847439916,0.42466388502549834
0,0.2,150,bon,792,408,3,4197,1.0825142861079031,0,795,1200,20100,200,0.0037735849056603774,0.66,7.142857142857143e-4,0.9962264150943396,0.3969924812030075
0,0.2,150,raw,1016,184,220,3980,1.0568518383203476,1,1236,1200,20100,200,0.1779935275080906,0.8466666666666667,0.05238095238095238,0.8220064724919094,0.41707717569786534
0,0.25,25,bayes,191,1209,59,3941,0.3867500417853119,0,250,1400,20100,193,0.236,0.13642857142857143,0.01475,0.764,0.11575757575757577
0,0.25,25,bh,71,1329,3,3997,0.4128211486005219,0,74,1400,20100,200,0.04054054054054054,0.05071428571428571,7.5e-4,0.9594594594594594,0.04816824966078697
0,0.25,25,bon,36,1364,0,4000,0.3581731133353995,0,36,1400,20100,200,0,0.025714285714285714,0,1,0.025069637883008353
0,0.25,25,raw,477,923,188,3812,1.5370391022993084,1,665,1400,20100,176,0.28270676691729324,0.3407142857142857,0.047,0.7172932330827068,0.23099273607748186
0,0.25,50,bayes,525,875,98,3902,0.7047598052778451,0,623,1400,20100,196,0.15730337078651685,0.375,0.0245,0.8426966292134832,0.2595155709342561
0,0.25,50,bh,431,969,37,3963,1.105241815934916,0,468,1400,20100,196,0.07905982905982906,0.3078571428571429,0.00925,0.920940170940171,0.230728051391863
0,0.25,50,bon,273,1127,6,3994,1.0270226610891655,0,279,1400,20100,197,0.021505376344086023,0.195,0.0015,0.978494623655914,0.1625967837998809
0,0.25,50,raw,799,601,266,3734,1.3969918746907624,1,1065,1400,20100,195,0.24976525821596243,0.5707142857142857,0.0665,0.7502347417840376,0.3241379310344828
0,0.25,75,bayes,741,659,87,3913,0.7558805736004061,0,828,1400,20100,198,0.10507246376811594,0.5292857142857142,0.02175,0.894927536231884,0.3325852782764811
0,0.25,75,bh,682,718,29,3971,1.0905917135828862,0,711,1400,20100,200,0.040787623066104076,0.48714285714285716,0.00725,0.9592123769338959,0.3230696352439602
0,0.25,75,bon,499,901,6,3994,1.0988178600436989,0,505,1400,20100,200,0.011881188118811881,0.35642857142857143,0.0015,0.9881188118811881,0.26194225721784775
0,0.25,75,raw,962,438,220,3780,1.130015830756833,0,1182,1400,20100,199,0.18612521150592218,0.6871428571428572,0.055,0.8138747884940778,0.37257939581719596
0,0.25,100,bayes,954,446,107,3893,0.8295656085480464,0,1061,1400,20100,200,0.10084825636192271,0.6814285714285714,0.02675,0.8991517436380773,0.38764729784640395
0,0.25,100,bh,891,509,50,3950,1.1228762566212562,0,941,1400,20100,200,0.053134962805526036,0.6364285714285715,0.0125,0.946865037194474,0.3806065783853054
0,0.25,100,bon,706,694,3,3997,1.1288699998534861,0,709,1400,20100,199,0.004231311706629055,0.5042857142857143,7.5e-4,0.995768688293371,0.334755808440019
0,0.25,100,raw,1085,315,202,3798,1.11400218480737,0,1287,1400,20100,200,0.15695415695415696,0.775,0.0505,0.8430458430458431,0.4037960550800149
0,0.25,150,bayes,1138,262,95,3905,0.8642739360986376,0,1233,1400,20100,200,0.0770478507704785,0.8128571428571428,0.02375,0.9229521492295215,0.432206608431447
0,0.25,150,bh,1070,330,47,3953,1.0694342142920064,0,1117,1400,20100,200,0.04207699194270367,0.7642857142857142,0.01175,0.9579230080572964,0.425109257052046
0,0.25,150,bon,936,464,4,3996,1.072395455818766,0,940,1400,20100,200,0.00425531914893617,0.6685714285714286,0.001,0.9957446808510638,0.4
0,0.25,150,raw,1210,190,175,3825,1.0678700052916843,0,1385,1400,20100,200,0.1263537906137184,0.8642857142857143,0.04375,0.8736462093862816,0.4344703770197487
0,0.3,25,bayes,270,1530,44,3556,0.49511011646356584,0,314,1800,20100,196,0.14012738853503184,0.15,0.012222222222222223,0.8598726114649682,0.12771996215704826
0,0.3,25,bh,84,1716,9,3591,0.365342515513277,0,93,1800,20100,199,0.0967741935483871,0.04666666666666667,0.0025,0.9032258064516129,0.044374009508716325
0,0.3,25,bon,32,1768,1,3599,0.3386809472538011,0,33,1800,20100,199,0.030303030303030304,0.017777777777777778,2.777777777777778e-4,0.9696969696969697,0.01745771958537916
0,0.3,25,raw,584,1216,164,3436,1.6539908047716902,1,748,1800,20100,180,0.2192513368983957,0.3244444444444444,0.04555555555555556,0.7807486631016043,0.2291993720565149
0,0.3,50,bayes,670,1130,80,3520,0.7282287244827312,0,750,1800,20100,193,0.10666666666666667,0.37222222222222223,0.022222222222222223,0.8933333333333333,0.2627450980392157
0,0.3,50,bh,536,1264,38,3562,1.0055984619315255,0,574,1800,20100,198,0.06620209059233449,0.29777777777777775,0.010555555555555556,0.9337979094076655,0.2257792754844145
0,0.3,50,bon,311,1489,4,3596,0.9898621287121719,0,315,1800,20100,199,0.012698412698412698,0.17277777777777778,0.0011111111111111111,0.9873015873015873,0.14704491725768323
0,0.3,50,raw,1012,788,195,3405,1.29238041216248,0,1207,1800,20100,198,0.1615575807787904,0.5622222222222222,0.05416666666666667,0.8384424192212097,0.33654805453940806
0,0.3,75,bayes,1016,784,85,3515,0.8273315405756709,0,1101,1800,20100,198,0.07720254314259764,0.5644444444444444,0.02361111111111111,0.9227974568574023,0.3502240606687349
0,0.3,75,bh,883,917,33,3567,1.1331536228711807,0,916,1800,20100,198,0.036026200873362446,0.4905555555555556,0.009166666666666667,0.9639737991266375,0.3251104565537555
0,0.3,75,bon,641,1159,4,3596,1.1425613447649134,0,645,1800,20100,198,0.006201550387596899,0.3561111111111111,0.0011111111111111111,0.993798449612403,0.26216768916155414
0,0.3,75,raw,1223,577,167,3433,1.1533360495455083,2,1390,1800,20100,200,0.12014388489208633,0.6794444444444444,0.04638888888888889,0.8798561151079136,0.38338557993730404
0,0.3,100,bayes,1212,588,110,3490,0.8680939796218676,0,1322,1800,20100,200,0.0832072617246596,0.6733333333333333,0.030555555555555555,0.9167927382753404,0.38821268417680976
0,0.3,100,bh,1130,670,56,3544,1.1264808510288238,0,1186,1800,20100,200,0.047217537942664416,0.6277777777777778,0.015555555555555555,0.9527824620573356,0.3784326858673811
0,0.3,100,bon,870,930,7,3593,1.1328832744939132,0,877,1800,20100,200,0.00798175598631699,0.48333333333333334,0.0019444444444444444,0.992018244013683,0.3249906611878969
0,0.3,100,raw,1377,423,184,3416,1.1094722218865072,0,1561,1800,20100,200,0.11787315823190263,0.765,0.051111111111111114,0.8821268417680974,0.4096994941981553
0,0.3,150,bayes,1457,343,91,3509,0.8849222766690353,0,1548,1800,20100,200,0.05878552971576227,0.8094444444444444,0.025277777777777777,0.9412144702842378,0.4351851851851851
0,0.3,150,bh,1374,426,37,3563,1.0564909426143323,0,1411,1800,20100,200,0.026222537207654145,0.7633333333333333,0.010277777777777778,0.9737774627923459,0.4279040797259421
0,0.3,150,bon,1173,627,3,3597,1.0661561898654766,0,1176,1800,20100,200,0.002551020408163265,0.6516666666666666,8.333333333333334e-4,0.9974489795918368,0.39415322580645157
0,0.3,150,raw,1516,284,159,3441,1.0644040246043316,0,1675,1800,20100,200,0.09492537313432836,0.8422222222222222,0.04416666666666667,0.9050746268656716,0.43625899280575536
0,0.4,25,bayes,355,1845,51,3149,0.5616413967099917,0,406,2200,20100,196,0.12561576354679804,0.16136363636363638,0.0159375,0.874384236453202,0.13622409823484266
0,0.4,25,bh,146,2054,9,3191,0.5057458426030668,0,155,2200,20100,199,0.05806451612903226,0.06636363636363636,0.0028125,0.9419354838709677,0.06199575371549894
0,0.4,25,bon,49,2151,1,3199,0.4663216664007655,0,50,2200,20100,199,0.02,0.022272727272727274,3.125e-4,0.98,0.021777777777777778
0,0.4,25,raw,702,1498,150,3050,1.7429635484469845,3,852,2200,20100,191,0.176056338028169,0.3190909090909091,0.046875,0.823943661971831,0.23001310615989515
0,0.4,50,bayes,916,1284,88,3112,0.8311669473751918,0,1004,2200,20100,196,0.08764940239043825,0.4163636363636364,0.0275,0.9123505976095617,0.2858926342072409
0,0.4,50,bh,719,1481,49,3151,1.1492893521147414,0,768,2200,20100,198,0.06380208333333333,0.32681818181818184,0.0153125,0.9361979166666666,0.24225067385444743
0,0.4,50,bon,386,1814,2,3198,1.0971296098234478,0,388,2200,20100,199,0.005154639175257732,0.17545454545454545,6.25e-4,0.9948453608247423,0.14914992272024727
0,0.4,50,raw,1239,961,188,3012,1.3266346855219993,2,1427,2200,20100,200,0.1317449194113525,0.5631818181818182,0.05875,0.8682550805886475,0.34160463192721263
0,0.4,75,bayes,1277,923,84,3116,0.8692690117868909,0,1361,2200,20100,199,0.06171932402645114,0.5804545454545454,0.02625,0.9382806759735489,0.35860713282785733
0,0.4,75,bh,1125,1075,41,3159,1.1424295151823025,0,1166,2200,20100,199,0.03516295025728988,0.5113636363636364,0.0128125,0.9648370497427101,0.3342245989304813
0,0.4,75,bon,733,1467,3,3197,1.1368544082629821,0,736,2200,20100,199,0.004076086956521739,0.3331818181818182,9.375e-4,0.9959239130434783,0.24965940054495916
0,0.4,75,raw,1480,720,167,3033,1.1803797640732194,0,1647,2200,20100,200,0.10139647844565877,0.6727272727272727,0.0521875,0.8986035215543412,0.3847153626202236
0,0.4,100,bayes,1534,666,106,3094,0.9124960095320114,0,1640,2200,20100,200,0.06463414634146342,0.6972727272727273,0.033125,0.9353658536585365,0.39947916666666666
0,0.4,100,bh,1398,802,58,3142,1.1321892943487235,0,1456,2200,20100,200,0.03983516483516483,0.6354545454545455,0.018125,0.9601648351648352,0.3823851203501094
0,0.4,100,bon,1042,1158,3,3197,1.1544982927623049,0,1045,2200,20100,200,0.0028708133971291866,0.47363636363636363,9.375e-4,0.9971291866028709,0.32110939907550073
0,0.4,100,raw,1664,536,175,3025,1.1246261095397407,0,1839,2200,20100,200,0.09516041326808047,0.7563636363636363,0.0546875,0.9048395867319196,0.411983164149542
0,0.4,150,bayes,1780,420,102,3098,0.9251381464797827,0,1882,2200,20100,200,0.05419766206163656,0.8090909090909091,0.031875,0.9458023379383634,0.4360607545320921
0,0.4,150,bh,1674,526,40,3160,1.074274606138602,0,1714,2200,20100,200,0.023337222870478413,0.7609090909090909,0.0125,0.9766627771295215,0.42769545222279
0,0.4,150,bon,1391,809,3,3197,1.0780925602955946,0,1394,2200,20100,200,0.002152080344332855,0.6322727272727273,9.375e-4,0.9978479196556671,0.38703394546466335
0,0.4,150,raw,1841,359,140,3060,1.0724817635236301,0,1981,2200,20100,200,0.0706713780918728,0.8368181818181818,0.04375,0.9293286219081272,0.44032528103324564
0,0.5,25,bayes,481,2319,31,2569,0.6677845323721536,1,512,2800,20100,200,0.060546875,0.1717857142857143,0.011923076923076923,0.939453125,0.14522946859903382
0,0.5,25,bh,144,2656,7,2593,0.4787229174108021,0,151,2800,20100,200,0.046357615894039736,0.05142857142857143,0.002692307692307692,0.9536423841059603,0.04879701796001355
0,0.5,25,bon,47,2753,1,2599,0.4137105620568204,0,48,2800,20100,200,0.020833333333333332,0.016785714285714286,3.846153846153846e-4,0.9791666666666666,0.016502808988764044
0,0.5,25,raw,857,1943,117,2483,1.7678340554259229,2,974,2800,20100,194,0.12012320328542095,0.30607142857142855,0.045,0.8798767967145791,0.22708002119766824
0,0.5,50,bayes,1246,1554,65,2535,0.9461528085930394,0,1311,2800,20100,199,0.04958047292143402,0.445,0.025,0.950419527078566,0.3030892726830455
0,0.5,50,bh,1000,1800,26,2574,1.2186643016905303,0,1026,2800,20100,199,0.025341130604288498,0.35714285714285715,0.01,0.9746588693957114,0.26136957658128596
0,0.5,50,bon,496,2304,2,2598,1.2053916291572162,0,498,2800,20100,199,0.004016064257028112,0.17714285714285713,7.692307692307692e-4,0.9959839357429718,0.15039417828987264
0,0.5,50,raw,1546,1254,141,2459,1.3232751259403948,1,1687,2800,20100,199,0.08358032009484291,0.5521428571428572,0.05423076923076923,0.916419679905157,0.34455092489413863
0,0.5,75,bayes,1705,1095,107,2493,0.9906248485303552,0,1812,2800,20100,200,0.05905077262693157,0.6089285714285714,0.04115384615384615,0.9409492273730684,0.36968777103209016
0,0.5,75,bh,1503,1297,60,2540,1.216615086567406,0,1563,2800,20100,200,0.03838771593090211,0.5367857142857143,0.023076923076923078,0.9616122840690979,0.3444877377950952
0,0.5,75,bon,962,1838,2,2598,1.2623398722571257,0,964,2800,20100,200,0.002074688796680498,0.3435714285714286,7.692307692307692e-4,0.9979253112033195,0.2555791710945803
0,0.5,75,raw,1872,928,169,2431,1.225017222482588,0,2041,2800,20100,200,0.08280254777070063,0.6685714285714286,0.065,0.9171974522292994,0.38669696343730636
0,0.5,100,bayes,1935,865,77,2523,0.9398465482149158,3,2012,2800,20100,200,0.03827037773359841,0.6910714285714286,0.029615384615384616,0.9617296222664016,0.4021197007481297
0,0.5,100,bh,1778,1022,52,2548,1.128697728833588,0,1830,2800,20100,200,0.02841530054644809,0.635,0.02,0.9715846994535519,0.3840172786177106
0,0.5,100,bon,1248,1552,7,2593,1.154270746598723,0,1255,2800,20100,200,0.005577689243027889,0.44571428571428573,0.002692307692307692,0.9944223107569721,0.30776818742293466
0,0.5,100,raw,2081,719,126,2474,1.1177197212611365,3,2207,2800,20100,200,0.057091073855913006,0.7432142857142857,0.04846153846153846,0.942908926144087,0.41561813461154384
0,0.5,150,bayes,2241,559,115,2485,0.9635389006894336,1,2356,2800,20100,200,0.04881154499151104,0.8003571428571429,0.04423076923076923,0.9511884550084889,0.43463925523661756
0,0.5,150,bh,2135,665,62,2538,1.0900851061996613,0,2197,2800,20100,200,0.028220300409649523,0.7625,0.023846153846153847,0.9717796995903505,0.4272563538122873
0,0.5,150,bon,1723,1077,3,2597,1.095309159609135,0,1726,2800,20100,200,0.0017381228273464658,0.6153571428571428,0.001153846153846154,0.9982618771726536,0.38068935041979673
0,0.5,150,raw,2295,505,148,2452,1.0864365118176802,1,2443,2800,20100,200,0.06058125255832992,0.8196428571428571,0.056923076923076923,0.9394187474416701,0.4377264924661453
0,0.6,25,bayes,641,2759,34,1966,0.7520408008289481,0,675,3400,20100,199,0.05037037037037037,0.1885294117647059,0.017,0.9496296296296296,0.15730061349693253
0,0.6,25,bh,232,3168,7,1993,0.548024728648438,0,239,3400,20100,199,0.029288702928870293,0.06823529411764706,0.0035,0.9707112970711297,0.06375377851057983
0,0.6,25,bon,61,3339,1,1999,0.5212765173448534,0,62,3400,20100,199,0.016129032258064516,0.017941176470588235,5e-4,0.9838709677419355,0.017619872905834777
0,0.6,25,raw,995,2405,99,1901,1.8163517203467223,2,1094,3400,20100,189,0.09049360146252285,0.2926470588235294,0.0495,0.9095063985374772,0.22140631953716067
0,0.6,50,bayes,1442,1958,56,1944,0.9531058590852269,1,1498,3400,20100,199,0.037383177570093455,0.42411764705882354,0.028,0.9626168224299065,0.2944058799510004
0,0.6,50,bh,1161,2239,26,1974,1.2256524680720928,0,1187,3400,20100,200,0.02190395956192081,0.34147058823529414,0.013,0.9780960404380792,0.25310660562459125
0,0.6,50,bon,529,2871,1,1999,1.2199228115397616,0,530,3400,20100,200,0.0018867924528301887,0.15558823529411764,5e-4,0.9981132075471698,0.13460559796437657
0,0.6,50,raw,1754,1646,112,1888,1.3200233300688362,3,1866,3400,20100,196,0.06002143622722401,0.5158823529411765,0.056,0.939978563772776,0.3330801367261679
0,0.6,75,bayes,1962,1438,52,1948,0.9341774874508766,0,2014,3400,20100,200,0.025819265143992055,0.5770588235294117,0.026,0.974180734856008,0.3623937938677503
0,0.6,75,bh,1706,1694,28,1972,1.1484873363773862,0,1734,3400,20100,200,0.016147635524798153,0.5017647058823529,0.014,0.9838523644752019,0.3322945072068562
0,0.6,75,bon,991,2409,2,1998,1.1839254316753915,0,993,3400,20100,199,0.002014098690835851,0.2914705882352941,0.001,0.9979859013091642,0.2255861597996813
0,0.6,75,raw,2154,1246,86,1914,1.1600718133611305,2,2240,3400,20100,200,0.038392857142857145,0.6335294117647059,0.043,0.9616071428571429,0.3819148936170213
0,0.6,100,bayes,2340,1060,62,1938,0.9901314917617364,1,2402,3400,20100,200,0.025811823480432972,0.6882352941176471,0.031,0.974188176519567,0.40330920372285417
0,0.6,100,bh,2171,1229,33,1967,1.156300811435188,1,2204,3400,20100,200,0.014972776769509982,0.6385294117647059,0.0165,0.98502722323049,0.3874018558172733
0,0.6,100,bon,1468,1932,1,1999,1.1610450304799382,0,1469,3400,20100,200,6.807351940095302e-4,0.43176470588235294,5e-4,0.9993192648059904,0.30149928116656394
0,0.6,100,raw,2477,923,93,1907,1.1593551091345626,2,2570,3400,20100,200,0.03618677042801557,0.7285294117647059,0.0465,0.9638132295719845,0.41490787269681745
0,0.6,150,bayes,2684,716,67,1933,1.0007361023945627,0,2751,3400,20100,200,0.024354780079970918,0.7894117647058824,0.0335,0.9756452199200291,0.43635181271338
0,0.6,150,bh,2587,813,39,1961,1.1063072639933547,0,2626,3400,20100,200,0.01485148514851485,0.7608823529411765,0.0195,0.9851485148514851,0.42930633919681377
0,0.6,150,bon,2049,1351,2,1998,1.111966790892274,0,2051,3400,20100,200,9.751340809361287e-4,0.6026470588235294,0.001,0.9990248659190639,0.375894331315355
0,0.6,150,raw,2744,656,89,1911,1.1057675342859588,1,2833,3400,20100,200,0.03141546064242852,0.8070588235294117,0.0445,0.9685845393575715,0.4402374458527194
0,0.7,25,bayes,797,3003,36,1564,0.9283562930446737,1,833,3800,20100,199,0.04321728691476591,0.20973684210526317,0.0225,0.9567827130852341,0.17202676451543278
0,0.7,25,bh,326,3474,12,1588,0.688357102585664,0,338,3800,20100,199,0.03550295857988166,0.08578947368421053,0.0075,0.9644970414201184,0.07878202029966166
0,0.7,25,bon,62,3738,0,1600,0.5574652923334636,0,62,3800,20100,200,0,0.01631578947368421,0,1,0.01605385810460901
0,0.7,25,raw,1122,2678,82,1518,1.8441905923259083,4,1204,3800,20100,196,0.0681063122923588,0.29526315789473684,0.05125,0.9318936877076411,0.22422062350119903
0,0.7,50,bayes,1653,2147,60,1540,1.0161969407950715,3,1713,3800,20100,200,0.03502626970227671,0.435,0.0375,0.9649737302977233,0.29983674950117906
0,0.7,50,bh,1280,2520,32,1568,1.1960663365343613,1,1312,3800,20100,199,0.024390243902439025,0.3368421052631579,0.02,0.975609756097561,0.2503912363067292
0,0.7,50,bon,564,3236,5,1595,1.2072733692215434,0,569,3800,20100,199,0.008787346221441126,0.14842105263157895,0.003125,0.9912126537785588,0.12909132524605174
0,0.7,50,raw,1986,1814,104,1496,1.3852022930059678,7,2090,3800,20100,199,0.049760765550239235,0.5226315789473684,0.065,0.9502392344497608,0.33718166383701187
0,0.7,75,bayes,2181,1619,48,1552,0.9753584154639054,0,2229,3800,20100,200,0.021534320323014805,0.5739473684210527,0.03,0.9784656796769852,0.36175153425111956
0,0.7,75,bh,1937,1863,28,1572,1.1820172419072514,0,1965,3800,20100,199,0.014249363867684479,0.5097368421052632,0.0175,0.9857506361323155,0.3359930615784909
0,0.7,75,bon,1112,2688,3,1597,1.2076110221616743,0,1115,3800,20100,199,0.0026905829596412557,0.2926315789473684,0.001875,0.9973094170403587,0.22624618514750763
0,0.7,75,raw,2382,1418,70,1530,1.1961254657141367,1,2452,3800,20100,200,0.028548123980424143,0.6268421052631579,0.04375,0.9714518760195758,0.3809980806142034
0,0.7,100,bayes,2581,1219,58,1542,1.0081993189699259,0,2639,3800,20100,200,0.02197802197802198,0.6792105263157895,0.03625,0.978021978021978,0.4008386395403013
0,0.7,100,bh,2420,1380,37,1563,1.1628630479942972,0,2457,3800,20100,200,0.015059015059015059,0.6368421052631579,0.023125,0.9849409849409849,0.3867668211603005
0,0.7,100,bon,1625,2175,6,1594,1.1617618666394458,0,1631,3800,20100,200,0.003678724708767627,0.4276315789473684,0.00375,0.9963212752912324,0.29920824894126313
0,0.7,100,raw,2701,1099,75,1525,1.1584519920951963,0,2776,3800,20100,200,0.02701729106628242,0.7107894736842105,0.046875,0.9729827089337176,0.4107360097323601
0,0.7,150,bayes,2987,813,48,1552,1.00562349706638,0,3035,3800,20100,200,0.015815485996705108,0.7860526315789473,0.03,0.9841845140032949,0.4370153621068032
0,0.7,150,bh,2899,901,31,1569,1.1006827668297048,0,2930,3800,20100,200,0.010580204778156996,0.7628947368421053,0.019375,0.989419795221843,0.43075780089153054
0,0.7,150,bon,2222,1578,3,1597,1.1057177896499484,0,2225,3800,20100,200,0.001348314606741573,0.5847368421052631,0.001875,0.9986516853932584,0.36879668049792536
0,0.7,150,raw,3037,763,57,1543,1.1054558397373009,0,3094,3800,20100,200,0.018422753716871364,0.7992105263157895,0.035625,0.9815772462831286,0.4405279953582825
0,0.8,25,bayes,895,3505,26,974,0.9997738877825038,3,921,4400,20100,200,0.02823018458197611,0.2034090909090909,0.026,0.9717698154180239,0.1682014658898703
0,0.8,25,bh,319,4081,3,997,0.7442005537366694,0,322,4400,20100,200,0.009316770186335404,0.0725,0.003,0.9906832298136646,0.06755612028801355
0,0.8,25,bon,75,4325,0,1000,0.6977524848804224,0,75,4400,20100,200,0,0.017045454545454544,0,1,0.01675977653631285
0,0.8,25,raw,1270,3130,40,960,1.8404057206277722,6,1310,4400,20100,197,0.030534351145038167,0.28863636363636364,0.04,0.9694656488549618,0.2224168126094571
0,0.8,50,bayes,1986,2414,29,971,1.0569046088108658,2,2015,4400,20100,200,0.014392059553349877,0.45136363636363636,0.029,0.9856079404466501,0.3095869056897896
0,0.8,50,bh,1588,2812,11,989,1.246528410934203,1,1599,4400,20100,200,0.0068792995622263915,0.3609090909090909,0.011,0.9931207004377736,0.2647107851308551
0,0.8,50,bon,685,3715,1,999,1.2556892867269815,0,686,4400,20100,200,0.0014577259475218659,0.15568181818181817,0.001,0.9985422740524781,0.13468344475029492
0,0.8,50,raw,2302,2098,48,952,1.3664548314653735,3,2350,4400,20100,200,0.020425531914893616,0.5231818181818182,0.048,0.9795744680851064,0.341037037037037
0,0.8,75,bayes,2572,1828,36,964,1.1217803452614312,2,2608,4400,20100,200,0.013803680981595092,0.5845454545454546,0.036,0.9861963190184049,0.3670091324200913
0,0.8,75,bh,2333,2067,22,978,1.254120525737853,0,2355,4400,20100,200,0.009341825902335456,0.5302272727272728,0.022,0.9906581740976645,0.3453737971872687
0,0.8,75,bon,1309,3091,2,998,1.2721213983318753,0,1311,4400,20100,200,0.0015255530129672007,0.2975,0.002,0.9984744469870328,0.22920679390649623
0,0.8,75,raw,2745,1655,48,952,1.3108460709539633,2,2793,4400,20100,200,0.017185821697099892,0.6238636363636364,0.048,0.9828141783029001,0.3816210204365355
0,0.8,100,bayes,2810,1590,27,973,1.016298125910763,2,2837,4400,20100,200,0.009517095523440254,0.6386363636363637,0.027,0.9904829044765597,0.3882824374740915
0,0.8,100,bh,2633,1767,19,981,1.1544280045375566,2,2652,4400,20100,200,0.007164404223227752,0.5984090909090909,0.019,0.9928355957767723,0.37336925694838347
0,0.8,100,bon,1652,2748,0,1000,1.1580805691015674,0,1652,4400,20100,200,0,0.37545454545454543,0,1,0.2729676140118969
0,0.8,100,raw,2947,1453,43,957,1.1525680292170979,2,2990,4400,20100,200,0.014381270903010033,0.6697727272727273,0.043,0.98561872909699,0.3987821380243573
0,0.8,150,bayes,3327,1073,46,954,1.0253399452801562,0,3373,4400,20100,200,0.013637711236288172,0.7561363636363636,0.046,0.9863622887637118,0.4280200694712466
0,0.8,150,bh,3217,1183,38,962,1.1187250786346008,0,3255,4400,20100,200,0.011674347158218126,0.7311363636363636,0.038,0.9883256528417819,0.4202482037883735
0,0.8,150,bon,2394,2006,2,998,1.1144724363210554,0,2396,4400,20100,200,8.347245409015025e-4,0.5440909090909091,0.002,0.9991652754590985,0.3522660388463802
0,0.8,150,raw,3378,1022,53,947,1.1162456545198087,0,3431,4400,20100,200,0.015447391431069659,0.7677272727272727,0.053,0.9845526085689303,0.43136253352062315
